Date,"         HH,   DD,   FH,   FF,   FX,    T, T10N,   TD,   SQ,    Q,   DR,   RH,    P,   VV,    N,    U,   WW,   IX,    M,    R,    S,    O,    Y"
2021-01-01,"    1,  230,   10,   10,   20,  -25,     ,  -26,    0,    0,    0,    0,10059,    1,    0,   98,   35,    7,    1,    0,    0,    0,    1"
2021-01-01,"    2,  230,   10,   10,   20,  -32,     ,  -34,    0,    0,    0,    0,10061,    0,    1,   98,   35,    7,    1,    0,    0,    0,    1"
2021-01-01,"    3,  230,   20,   20,   30,  -27,     ,  -29,    0,    0,    0,    0,10064,    4,    7,   98,   35,    7,    1,    0,    0,    0,    1"
2021-01-01,"    4,  220,   20,   20,   30,  -11,     ,  -14,    0,    0,    0,    0,10064,   15,    8,   98,   20,    7,    1,    0,    0,    0,    1"
2021-01-01,"    5,  230,   20,   20,   40,   11,     ,    5,    0,    0,    0,    0,10064,   18,    8,   95,   10,    7,    0,    0,    0,    0,    0"
2021-01-01,"    6,  230,   30,   30,   40,   19,  -30,    9,    0,    0,    0,    0,10066,   44,    8,   92,   10,    7,    0,    0,    0,    0,    0"
2021-01-01,"    7,  230,   20,   30,   40,   22,     ,    8,    0,    0,    0,    0,10070,   59,    8,   90,   10,    7,    0,    0,    0,    0,    0"
2021-01-01,"    8,  230,   30,   30,   40,   27,     ,   11,    0,    0,    0,    0,10073,   66,    8,   89,     ,    5,    0,    0,    0,    0,    0"
2021-01-01,"    9,  230,   20,   30,   50,   31,     ,   17,    0,    6,    0,    0,10078,   69,    8,   90,     ,    5,    0,    0,    0,    0,    0"
2021-01-01,"   10,  220,   20,   20,   50,   35,     ,   20,    0,   19,    0,    0,10082,   69,    8,   90,     ,    5,    0,    0,    0,    0,    0"
2021-01-01,"   11,  230,   20,   10,   40,   46,     ,   30,    2,   41,    0,    0,10083,   70,    8,   89,     ,    5,    0,    0,    0,    0,    0"
2021-01-01,"   12,  210,   20,   10,   30,   50,    5,   31,    7,   67,    0,    0,10082,   70,    8,   87,     ,    5,    0,    0,    0,    0,    0"
2021-01-01,"   13,  200,   10,   10,   30,   54,     ,   36,    0,   31,    0,    0,10080,   66,    7,   88,     ,    5,    0,    0,    0,    0,    0"
2021-01-01,"   14,  220,   20,   30,   50,   56,     ,   35,    0,   20,    0,    0,10081,   70,    8,   86,     ,    5,    0,    0,    0,    0,    0"
2021-01-01,"   15,  230,   30,   30,   60,   54,     ,   32,    0,    9,    0,    0,10084,   70,    8,   85,     ,    5,    0,    0,    0,    0,    0"
2021-01-01,"   16,  230,   20,   20,   50,   51,     ,   36,    0,    1,    0,    0,10088,   70,    8,   89,     ,    5,    0,    0,    0,    0,    0"
2021-01-01,"   17,  240,   20,   20,   40,   49,     ,   34,    0,    0,    0,    0,10091,   70,    8,   90,     ,    5,    0,    0,    0,    0,    0"
2021-01-01,"   18,  240,   20,   30,   50,   46,   41,   32,    0,    0,    0,    0,10094,   70,    8,   90,     ,    5,    0,    0,    0,    0,    0"
2021-01-01,"   19,  230,   20,   20,   50,   45,     ,   34,    0,    0,    0,    0,10099,   65,    8,   92,     ,    5,    0,    0,    0,    0,    0"
2021-01-01,"   20,  220,   20,   20,   30,   46,     ,   35,    0,    0,    0,    0,10103,   63,    8,   92,     ,    5,    0,    0,    0,    0,    0"
2021-01-01,"   21,  220,   20,   20,   30,   38,     ,   30,    0,    0,    0,    0,10106,   59,    7,   94,   10,    7,    0,    0,    0,    0,    0"
2021-01-01,"   22,  210,   20,   20,   30,   41,     ,   33,    0,    0,    0,    0,10109,   58,    8,   94,   10,    7,    0,    0,    0,    0,    0"
2021-01-01,"   23,  210,   30,   30,   50,   42,     ,   34,    0,    0,    0,    0,10111,   57,    8,   94,   10,    7,    0,    0,    0,    0,    0"
2021-01-01,"   24,  230,   30,   30,   50,   45,   26,   35,    0,    0,    0,    0,10113,   60,    8,   93,     ,    5,    0,    0,    0,    0,    0"
2021-01-02,"    1,  220,   30,   20,   50,   41,     ,   33,    0,    0,    0,    0,10115,   56,    8,   94,   10,    7,    0,    0,    0,    0,    0"
2021-01-02,"    2,  220,   20,   20,   50,   40,     ,   33,    0,    0,    0,    0,10118,   56,    8,   95,   10,    7,    0,    0,    0,    0,    0"
2021-01-02,"    3,  200,   20,   20,   30,   37,     ,   27,    0,    0,    0,    0,10119,   56,    8,   93,   10,    7,    0,    0,    0,    0,    0"
2021-01-02,"    4,  220,   20,   20,   40,   36,     ,   28,    0,    0,    0,    0,10119,   50,    8,   94,   10,    7,    0,    0,    0,    0,    0"
2021-01-02,"    5,  200,   20,   20,   40,   34,     ,   27,    0,    0,    0,    0,10120,   48,    8,   95,   10,    7,    0,    0,    0,    0,    0"
2021-01-02,"    6,  220,   20,   20,   30,   33,   29,   26,    0,    0,    0,    0,10123,   46,    8,   95,   10,    7,    0,    0,    0,    0,    0"
2021-01-02,"    7,  210,   20,   20,   30,   32,     ,   30,    0,    0,    0,    0,10125,   21,    8,   98,   10,    7,    0,    0,    0,    0,    0"
2021-01-02,"    8,  180,   20,   20,   40,   32,     ,   31,    0,    0,    0,    0,10131,   16,    8,   98,   10,    7,    0,    0,    0,    0,    0"
2021-01-02,"    9,  220,   20,   20,   40,   33,     ,   30,    0,    4,    4,    1,10134,   16,    8,   98,   23,    7,    0,    1,    0,    0,    0"
2021-01-02,"   10,  200,   30,   20,   40,   34,     ,   31,    0,   12,    0,    0,10137,   15,    8,   98,   10,    7,    0,    0,    0,    0,    0"
2021-01-02,"   11,  210,   20,   20,   30,   37,     ,   32,    0,   28,    0,    0,10137,   26,    8,   96,   10,    7,    0,    0,    0,    0,    0"
2021-01-02,"   12,  200,   30,   20,   50,   37,   31,   34,    0,   17,    0,   -1,10135,   13,    8,   98,   22,    7,    0,    1,    0,    0,    0"
2021-01-02,"   13,  220,   20,   20,   40,   37,     ,   33,    0,   18,    0,    0,10132,   28,    8,   97,   10,    7,    0,    0,    0,    0,    0"
2021-01-02,"   14,  220,   10,   10,   30,   39,     ,   35,    0,   19,    0,    0,10132,   30,    8,   97,   10,    7,    0,    0,    0,    0,    0"
2021-01-02,"   15,  220,   10,   10,   20,   39,     ,   37,    0,    8,    0,    0,10136,   33,    8,   98,   10,    7,    0,    0,    0,    0,    0"
2021-01-02,"   16,  150,   10,   20,   30,   39,     ,   32,    0,    1,    0,    0,10137,   29,    8,   95,   10,    7,    0,    0,    0,    0,    0"
2021-01-02,"   17,  130,   20,   20,   30,   37,     ,   34,    0,    0,    0,    0,10139,   19,    8,   97,   10,    7,    0,    0,    0,    0,    0"
2021-01-02,"   18,  160,   20,   20,   30,   35,   36,   33,    0,    0,    0,    0,10142,   13,    8,   98,   10,    7,    0,    0,    0,    0,    0"
2021-01-02,"   19,  110,   10,   10,   20,   37,     ,   34,    0,    0,    0,    0,10145,   20,    8,   97,   10,    7,    0,    0,    0,    0,    0"
2021-01-02,"   20,  110,   10,   10,   20,   38,     ,   33,    0,    0,    0,    0,10147,   23,    8,   96,   10,    7,    0,    0,    0,    0,    0"
2021-01-02,"   21,    0,   10,    0,   20,   38,     ,   34,    0,    0,    3,    1,10147,   14,    8,   97,   53,    7,    0,    1,    0,    0,    0"
2021-01-02,"   22,   50,   10,   10,   20,   36,     ,   33,    0,    0,    2,    1,10149,   11,    8,   97,   22,    7,    0,    1,    0,    0,    0"
2021-01-02,"   23,   50,   10,   20,   30,   36,     ,   29,    0,    0,    0,    0,10151,   41,    8,   95,   10,    7,    0,    0,    0,    0,    0"
2021-01-02,"   24,   60,   10,   20,   30,   36,   34,   27,    0,    0,    0,    0,10153,   42,    8,   93,   10,    7,    0,    0,    0,    0,    0"
2021-01-03,"    1,   70,   20,   30,   50,   32,     ,   24,    0,    0,    0,    0,10153,   41,    8,   94,   10,    7,    0,    0,    0,    0,    0"
2021-01-03,"    2,   60,   20,   20,   40,   29,     ,   26,    0,    0,    0,    0,10154,   28,    8,   97,   10,    7,    0,    0,    0,    0,    0"
2021-01-03,"    3,   50,   20,   20,   40,   31,     ,   26,    0,    0,    0,    0,10154,   28,    8,   96,   10,    7,    0,    0,    0,    0,    0"
2021-01-03,"    4,   60,   20,   30,   40,   31,     ,   26,    0,    0,    0,    0,10152,   27,    8,   96,   10,    7,    0,    0,    0,    0,    0"
2021-01-03,"    5,   60,   30,   30,   50,   31,     ,   24,    0,    0,    0,    0,10154,   46,    8,   94,   10,    7,    0,    0,    0,    0,    0"
2021-01-03,"    6,   50,   30,   30,   50,   29,   26,   20,    0,    0,    0,    0,10156,   43,    8,   94,   10,    7,    0,    0,    0,    0,    0"
2021-01-03,"    7,   40,   30,   20,   40,   29,     ,   23,    0,    0,    0,    0,10161,   33,    8,   95,   10,    7,    0,    0,    0,    0,    0"
2021-01-03,"    8,   30,   20,   20,   40,   30,     ,   23,    0,    0,    0,    0,10165,   34,    8,   95,   10,    7,    0,    0,    0,    0,    0"
2021-01-03,"    9,   30,   30,   30,   50,   31,     ,   23,    0,    3,    0,    0,10170,   34,    8,   94,   10,    7,    0,    0,    0,    0,    0"
2021-01-03,"   10,   50,   30,   40,   60,   35,     ,   19,    0,   15,    0,    0,10175,   56,    8,   89,   10,    7,    0,    0,    0,    0,    0"
2021-01-03,"   11,   50,   40,   30,   70,   35,     ,   -1,    0,   12,    0,    0,10173,   67,    8,   77,     ,    5,    0,    0,    0,    0,    0"
2021-01-03,"   12,   40,   30,   40,   70,   35,   25,    3,    0,   12,    0,    0,10170,   65,    8,   79,     ,    5,    0,    0,    0,    0,    0"
2021-01-03,"   13,   40,   40,   40,   60,   39,     ,    5,    0,   20,    0,    0,10169,   67,    8,   78,     ,    5,    0,    0,    0,    0,    0"
2021-01-03,"   14,   40,   40,   50,   80,   39,     ,   10,    0,   18,    0,    0,10170,   63,    7,   81,     ,    5,    0,    0,    0,    0,    0"
2021-01-03,"   15,   40,   50,   50,   90,   38,     ,    4,    0,    4,    0,    0,10171,   65,    8,   78,     ,    5,    0,    0,    0,    0,    0"
2021-01-03,"   16,   60,   50,   50,   90,   36,     ,   -5,    0,    0,    0,    0,10174,   75,    8,   74,     ,    5,    0,    0,    0,    0,    0"
2021-01-03,"   17,   40,   40,   40,  100,   35,     ,   -7,    0,    0,    0,    0,10174,   75,    8,   74,     ,    5,    0,    0,    0,    0,    0"
2021-01-03,"   18,   30,   40,   40,   80,   35,   27,   -2,    0,    0,    0,    0,10175,   75,    8,   76,     ,    5,    0,    0,    0,    0,    0"
2021-01-03,"   19,   20,   50,   50,   80,   35,     ,    0,    0,    0,    0,    0,10176,   75,    8,   77,     ,    5,    0,    0,    0,    0,    0"
2021-01-03,"   20,   20,   50,   50,   80,   33,     ,    4,    0,    0,    0,    0,10176,   70,    8,   81,     ,    5,    0,    0,    0,    0,    0"
2021-01-03,"   21,   30,   40,   40,   80,   32,     ,    7,    0,    0,    0,   -1,10176,   70,    8,   83,   51,    7,    0,    1,    0,    0,    0"
2021-01-03,"   22,   30,   50,   50,   90,   30,     ,   12,    0,    0,    0,   -1,10175,   70,    8,   88,   57,    7,    0,    1,    0,    0,    0"
2021-01-03,"   23,   30,   40,   50,   90,   30,     ,   15,    0,    0,    6,    1,10173,   68,    8,   89,   51,    7,    0,    1,    0,    0,    0"
2021-01-03,"   24,   40,   40,   50,   90,   32,   26,   17,    0,    0,    0,   -1,10172,   67,    8,   89,   51,    7,    0,    1,    0,    0,    0"
2021-01-04,"    1,   40,   50,   50,   90,   31,     ,   18,    0,    0,    6,    1,10169,   65,    8,   91,   81,    7,    0,    1,    0,    0,    0"
2021-01-04,"    2,   40,   50,   40,   90,   29,     ,   19,    0,    0,    7,    2,10170,   61,    8,   93,   57,    7,    0,    1,    0,    0,    0"
2021-01-04,"    3,   50,   50,   40,   90,   29,     ,   20,    0,    0,   10,    6,10170,   60,    8,   93,   57,    7,    0,    1,    0,    0,    0"
2021-01-04,"    4,   50,   50,   50,   90,   29,     ,   19,    0,    0,    7,    1,10168,   65,    8,   92,   51,    7,    0,    1,    0,    0,    0"
2021-01-04,"    5,   50,   50,   50,   90,   30,     ,   17,    0,    0,    0,   -1,10170,   65,    8,   91,   51,    7,    0,    1,    0,    0,    0"
2021-01-04,"    6,   50,   50,   40,   80,   30,   27,   18,    0,    0,    0,   -1,10173,   65,    8,   91,   51,    7,    0,    1,    0,    0,    0"
2021-01-04,"    7,   50,   50,   50,  100,   31,     ,   17,    0,    0,    5,    1,10176,   62,    8,   91,   51,    7,    0,    1,    0,    0,    0"
2021-01-04,"    8,   50,   50,   50,   90,   31,     ,   18,    0,    0,    0,   -1,10180,   69,    8,   90,   22,    7,    0,    1,    0,    0,    0"
2021-01-04,"    9,   50,   50,   60,   90,   34,     ,   19,    0,    5,    0,   -1,10185,   67,    8,   89,   51,    7,    0,    1,    0,    0,    0"
2021-01-04,"   10,   40,   60,   50,  100,   35,     ,   15,    0,   13,    0,   -1,10187,   70,    8,   86,   51,    7,    0,    1,    0,    0,    0"
2021-01-04,"   11,   30,   60,   50,  100,   32,     ,   14,    0,   11,    0,   -1,10187,   70,    8,   88,   51,    7,    0,    1,    0,    0,    0"
2021-01-04,"   12,   40,   60,   60,  110,   31,   27,    9,    0,   10,    0,   -1,10184,   70,    8,   85,   22,    7,    0,    1,    0,    0,    0"
2021-01-04,"   13,   40,   60,   60,  110,   29,     ,    5,    0,    6,    0,    0,10179,   70,    8,   84,     ,    5,    0,    0,    0,    0,    0"
2021-01-04,"   14,   40,   60,   70,  130,   29,     ,    1,    0,    5,    0,    0,10179,   70,    8,   82,     ,    5,    0,    0,    0,    0,    0"
2021-01-04,"   15,   30,   50,   50,  100,   27,     ,   -1,    0,    4,    0,    0,10181,   70,    8,   81,     ,    5,    0,    0,    0,    0,    0"
2021-01-04,"   16,   30,   60,   60,  110,   26,     ,   -3,    0,    1,    0,    0,10180,   70,    8,   81,     ,    5,    0,    0,    0,    0,    0"
2021-01-04,"   17,   40,   50,   50,  100,   25,     ,   -2,    0,    0,    0,    0,10181,   70,    8,   82,     ,    5,    0,    0,    0,    0,    0"
2021-01-04,"   18,   40,   50,   50,   80,   24,   21,    0,    0,    0,    0,    0,10182,   70,    8,   83,     ,    5,    0,    0,    0,    0,    0"
2021-01-04,"   19,   40,   50,   50,   90,   25,     ,   -1,    0,    0,    0,    0,10182,   70,    8,   82,     ,    5,    0,    0,    0,    0,    0"
2021-01-04,"   20,   40,   50,   50,   90,   25,     ,    1,    0,    0,    0,    0,10182,   70,    8,   83,     ,    5,    0,    0,    0,    0,    0"
2021-01-04,"   21,   40,   50,   60,  100,   26,     ,    0,    0,    0,    0,    0,10180,   70,    8,   83,     ,    5,    0,    0,    0,    0,    0"
2021-01-04,"   22,   40,   60,   60,  100,   24,     ,    1,    0,    0,    0,    0,10178,   70,    8,   84,     ,    5,    0,    0,    0,    0,    0"
2021-01-04,"   23,   40,   50,   40,   80,   23,     ,    3,    0,    0,    0,    0,10178,   70,    8,   86,     ,    5,    0,    0,    0,    0,    0"
2021-01-04,"   24,   40,   50,   50,   90,   23,   21,    3,    0,    0,    0,    0,10174,   70,    8,   86,     ,    5,    0,    0,    0,    0,    0"
2021-01-05,"    1,   40,   50,   50,   80,   23,     ,    3,    0,    0,    0,    0,10176,   70,    8,   86,     ,    5,    0,    0,    0,    0,    0"
2021-01-05,"    2,   40,   50,   40,   90,   21,     ,    4,    0,    0,    0,   -1,10177,   70,    8,   88,   22,    7,    0,    1,    0,    0,    0"
2021-01-05,"    3,   50,   50,   40,   80,   22,     ,    4,    0,    0,    0,    0,10175,   70,    8,   87,    2,    7,    0,    0,    0,    0,    0"
2021-01-05,"    4,   40,   40,   40,   70,   23,     ,    4,    0,    0,    0,    0,10173,   70,    8,   87,     ,    5,    0,    0,    0,    0,    0"
2021-01-05,"    5,   40,   40,   40,   70,   23,     ,    5,    0,    0,    0,    0,10172,   70,    8,   88,     ,    5,    0,    0,    0,    0,    0"
2021-01-05,"    6,   60,   40,   50,   90,   22,   20,    7,    0,    0,    0,    0,10176,   65,    8,   89,    2,    7,    0,    0,    0,    0,    0"
2021-01-05,"    7,   50,   40,   30,   80,   23,     ,    9,    0,    0,    0,   -1,10179,   64,    8,   90,   51,    7,    0,    1,    0,    0,    0"
2021-01-05,"    8,   40,   40,   40,   60,   24,     ,   12,    0,    0,    5,    1,10182,   62,    8,   92,   51,    7,    0,    1,    0,    0,    0"
2021-01-05,"    9,   50,   30,   40,   70,   27,     ,   11,    0,    2,    0,   -1,10183,   63,    8,   89,   22,    7,    0,    1,    0,    0,    0"
2021-01-05,"   10,   40,   40,   30,   70,   29,     ,   14,    0,    5,    0,    0,10185,   69,    8,   89,     ,    5,    0,    0,    0,    0,    0"
2021-01-05,"   11,   50,   40,   40,   70,   34,     ,   15,    0,   16,    0,    0,10183,   70,    8,   87,     ,    5,    0,    0,    0,    0,    0"
2021-01-05,"   12,   30,   40,   40,   80,   31,   21,   17,    0,   10,    0,    0,10179,   70,    8,   90,    2,    7,    0,    0,    0,    0,    0"
2021-01-05,"   13,   40,   40,   40,   70,   31,     ,   17,    0,    8,    0,    0,10174,   70,    8,   90,     ,    5,    0,    0,    0,    0,    0"
2021-01-05,"   14,   40,   40,   40,   70,   29,     ,   17,    0,    5,    0,    0,10176,   60,    8,   91,     ,    5,    0,    0,    0,    0,    0"
2021-01-05,"   15,   40,   40,   40,   70,   31,     ,   16,    0,    4,    0,    0,10178,   64,    8,   90,     ,    5,    0,    0,    0,    0,    0"
2021-01-05,"   16,   50,   40,   40,   80,   32,     ,   15,    0,    0,    0,   -1,10178,   67,    8,   88,   23,    7,    0,    1,    0,    0,    0"
2021-01-05,"   17,   60,   40,   50,   80,   33,     ,   14,    0,    0,    0,    0,10179,   65,    8,   87,     ,    5,    0,    0,    0,    0,    0"
2021-01-05,"   18,   50,   40,   50,   80,   33,   28,   16,    0,    0,    0,   -1,10182,   65,    8,   88,   22,    7,    0,    1,    0,    0,    0"
2021-01-05,"   19,   60,   40,   40,   70,   35,     ,   19,    0,    0,    0,    0,10183,   64,    8,   89,     ,    5,    0,    0,    0,    0,    0"
2021-01-05,"   20,   50,   40,   40,   70,   36,     ,   19,    0,    0,    0,    0,10185,   62,    8,   88,     ,    5,    0,    0,    0,    0,    0"
2021-01-05,"   21,   40,   40,   40,   70,   35,     ,   20,    0,    0,    0,    0,10185,   62,    8,   90,     ,    5,    0,    0,    0,    0,    0"
2021-01-05,"   22,   40,   30,   30,   60,   35,     ,   21,    0,    0,    0,    0,10185,   62,    8,   90,     ,    5,    0,    0,    0,    0,    0"
2021-01-05,"   23,   50,   40,   40,   80,   34,     ,   20,    0,    0,    0,    0,10184,   64,    8,   90,     ,    5,    0,    0,    0,    0,    0"
2021-01-05,"   24,   40,   50,   50,   80,   32,   30,   19,    0,    0,    0,   -1,10183,   61,    8,   91,   57,    7,    0,    1,    0,    0,    0"
2021-01-06,"    1,   40,   40,   40,   70,   30,     ,   18,    0,    0,    6,    1,10180,   62,    8,   91,   51,    7,    0,    1,    0,    0,    0"
2021-01-06,"    2,   30,   40,   40,   80,   29,     ,   14,    0,    0,    0,   -1,10180,   70,    8,   89,   22,    7,    0,    1,    0,    0,    0"
2021-01-06,"    3,   40,   50,   50,   90,   24,     ,    8,    0,    0,    0,    0,10179,   70,    8,   88,    2,    7,    0,    0,    0,    0,    0"
2021-01-06,"    4,   30,   50,   40,   90,   23,     ,    5,    0,    0,    0,    0,10177,   70,    8,   88,     ,    5,    0,    0,    0,    0,    0"
2021-01-06,"    5,   40,   40,   40,   80,   22,     ,    5,    0,    0,    0,    0,10176,   70,    8,   88,     ,    5,    0,    0,    0,    0,    0"
2021-01-06,"    6,   40,   40,   30,   80,   20,   18,    1,    0,    0,    0,    0,10175,   70,    8,   87,    2,    7,    0,    0,    0,    0,    0"
2021-01-06,"    7,   50,   40,   50,   70,   20,     ,    0,    0,    0,    0,    0,10178,   70,    8,   86,     ,    5,    0,    0,    0,    0,    0"
2021-01-06,"    8,   30,   30,   30,   60,   20,     ,   -2,    0,    0,    0,    0,10180,   70,    8,   84,     ,    5,    0,    0,    0,    0,    0"
2021-01-06,"    9,   20,   30,   30,   60,   22,     ,    2,    0,    5,    0,    0,10181,   70,    8,   86,     ,    5,    0,    0,    0,    0,    0"
2021-01-06,"   10,   20,   30,   30,   50,   25,     ,    4,    0,   15,    0,    0,10180,   70,    8,   86,     ,    5,    0,    0,    0,    0,    0"
2021-01-06,"   11,   30,   20,   20,   50,   26,     ,    3,    0,   19,    0,    0,10176,   70,    8,   85,     ,    5,    0,    0,    0,    0,    0"
2021-01-06,"   12,  360,   20,   30,   50,   30,   17,    1,    0,   30,    0,    0,10170,   70,    8,   81,     ,    5,    0,    0,    0,    0,    0"
2021-01-06,"   13,  350,   20,   20,   40,   31,     ,    0,    0,   18,    0,    0,10163,   75,    8,   80,     ,    5,    0,    0,    0,    0,    0"
2021-01-06,"   14,  330,   20,   20,   50,   31,     ,    5,    0,   15,    0,    0,10163,   70,    8,   83,     ,    5,    0,    0,    0,    0,    0"
2021-01-06,"   15,  320,   20,   20,   40,   29,     ,    8,    0,    8,    0,    0,10160,   70,    8,   85,     ,    5,    0,    0,    0,    0,    0"
2021-01-06,"   16,  330,   20,   20,   40,   27,     ,    2,    0,    1,    0,    0,10161,   70,    8,   83,     ,    5,    0,    0,    0,    0,    0"
2021-01-06,"   17,  280,   10,   10,   30,   23,     ,    1,    0,    0,    0,    0,10158,   70,    8,   85,     ,    5,    0,    0,    0,    0,    0"
2021-01-06,"   18,  300,   10,   10,   30,   23,   17,    2,    0,    0,    0,    0,10157,   70,    8,   85,     ,    5,    0,    0,    0,    0,    0"
2021-01-06,"   19,  290,   10,   10,   20,   23,     ,    0,    0,    0,    0,    0,10156,   70,    8,   84,     ,    5,    0,    0,    0,    0,    0"
2021-01-06,"   20,  280,   10,   20,   30,   21,     ,    2,    0,    0,    0,    0,10155,   70,    8,   86,     ,    5,    0,    0,    0,    0,    0"
2021-01-06,"   21,  280,   20,   20,   30,   22,     ,    2,    0,    0,    0,    0,10151,   70,    8,   86,     ,    5,    0,    0,    0,    0,    0"
2021-01-06,"   22,  310,   20,   20,   40,   22,     ,   -1,    0,    0,    0,   -1,10150,   70,    8,   85,   51,    7,    0,    1,    0,    0,    0"
2021-01-06,"   23,  300,   20,   20,   50,   15,     ,    3,    0,    0,    0,   -1,10148,   58,    8,   91,   57,    7,    0,    1,    0,    0,    0"
2021-01-06,"   24,  270,   10,   10,   30,   13,    9,    5,    0,    0,    0,   -1,10144,   61,    8,   94,   51,    7,    0,    1,    0,    0,    0"
2021-01-07,"    1,  270,   10,   20,   30,   15,     ,    5,    0,    0,    0,   -1,10141,   64,    8,   93,   51,    7,    0,    1,    0,    0,    0"
2021-01-07,"    2,  270,   20,   20,   40,   13,     ,    5,    0,    0,    0,   -1,10139,   65,    8,   94,   51,    7,    0,    1,    0,    0,    0"
2021-01-07,"    3,  270,   20,   20,   30,   14,     ,    7,    0,    0,    0,   -1,10136,   65,    8,   95,   51,    7,    0,    1,    0,    0,    0"
2021-01-07,"    4,  260,   20,   10,   30,   14,     ,    8,    0,    0,    0,   -1,10132,   65,    8,   95,   23,    7,    0,    1,    0,    0,    0"
2021-01-07,"    5,  260,   20,   20,   30,   16,     ,    8,    0,    0,    0,   -1,10129,   65,    8,   94,   57,    7,    0,    1,    0,    0,    0"
2021-01-07,"    6,  260,   20,   10,   30,   18,    9,   12,    0,    0,   10,    1,10126,   64,    8,   95,   61,    7,    0,    1,    0,    0,    0"
2021-01-07,"    7,  280,   20,   20,   40,   20,     ,   14,    0,    0,   10,    1,10126,   63,    8,   95,   51,    7,    0,    1,    0,    0,    0"
2021-01-07,"    8,  270,   20,   20,   40,   19,     ,   13,    0,    0,    0,   -1,10128,   65,    8,   96,   51,    7,    0,    1,    0,    0,    0"
2021-01-07,"    9,  270,   20,   20,   40,   24,     ,   19,    0,   11,    7,    1,10130,   61,    8,   96,   51,    7,    0,    1,    0,    0,    0"
2021-01-07,"   10,  310,   20,   30,   50,   27,     ,   18,    0,   14,   10,    4,10130,   58,    8,   93,   58,    7,    0,    1,    0,    0,    0"
2021-01-07,"   11,  320,   30,   20,   60,   31,     ,   22,    0,   23,    7,    4,10127,   65,    8,   94,   51,    7,    0,    1,    0,    0,    0"
2021-01-07,"   12,  260,   20,   20,   50,   37,   12,   26,    0,   39,    0,   -1,10121,   65,    8,   92,   23,    7,    0,    1,    0,    0,    0"
2021-01-07,"   13,  300,   30,   40,   70,   40,     ,   20,    0,   21,    3,    2,10116,   65,    8,   86,   81,    7,    0,    1,    0,    0,    0"
2021-01-07,"   14,  290,   30,   20,  100,   28,     ,   19,    0,    9,   10,   20,10116,   50,    8,   93,   62,    7,    0,    1,    0,    0,    0"
2021-01-07,"   15,  300,   30,   30,   60,   37,     ,   24,    0,    5,   10,    6,10115,   65,    8,   91,   61,    7,    0,    1,    0,    0,    0"
2021-01-07,"   16,  310,   40,   40,   80,   35,     ,   20,    0,    1,   10,    5,10117,   63,    8,   89,   61,    7,    0,    1,    0,    0,    0"
2021-01-07,"   17,  300,   30,   20,   80,   33,     ,   23,    0,    0,   10,    3,10117,   65,    8,   92,   57,    7,    0,    1,    0,    0,    0"
2021-01-07,"   18,  270,   20,   20,   50,   32,   27,   23,    0,    0,   10,    3,10115,   65,    8,   93,   51,    7,    0,    1,    0,    0,    0"
2021-01-07,"   19,  320,   30,   30,   60,   34,     ,   24,    0,    0,   10,    8,10118,   59,    8,   92,   82,    7,    0,    1,    0,    0,    0"
2021-01-07,"   20,  320,   20,   10,   50,   29,     ,   25,    0,    0,   10,   11,10117,   61,    8,   97,   61,    7,    0,    1,    0,    0,    0"
2021-01-07,"   21,  310,   20,   20,   80,   26,     ,   21,    0,    0,   10,    5,10118,   65,    8,   96,   61,    7,    0,    1,    0,    0,    0"
2021-01-07,"   22,  310,   20,   10,   40,   26,     ,   20,    0,    0,   10,    3,10118,   65,    8,   95,   51,    7,    0,    1,    0,    0,    0"
2021-01-07,"   23,  300,   20,   10,   40,   26,     ,   21,    0,    0,    6,    1,10118,   65,    8,   96,   51,    7,    0,    1,    0,    0,    0"
2021-01-07,"   24,  310,   10,   10,   30,   26,   22,   21,    0,    0,    9,    1,10119,   65,    8,   96,   51,    7,    0,    1,    0,    0,    0"
2021-01-08,"    1,  270,   10,   10,   20,   25,     ,   20,    0,    0,    6,    1,10119,   63,    8,   96,   51,    7,    0,    1,    0,    0,    0"
2021-01-08,"    2,  290,   10,   10,   20,   25,     ,   21,    0,    0,    0,   -1,10122,   64,    8,   97,   51,    7,    0,    1,    0,    0,    0"
2021-01-08,"    3,  300,   10,   20,   30,   27,     ,   21,    0,    0,   10,    1,10124,   65,    8,   95,   51,    7,    0,    1,    0,    0,    0"
2021-01-08,"    4,  290,   10,   10,   20,   26,     ,   22,    0,    0,    0,   -1,10125,   65,    8,   97,   51,    7,    0,    1,    0,    0,    0"
2021-01-08,"    5,  290,   10,   10,   30,   24,     ,   20,    0,    0,   10,    2,10126,   61,    8,   97,   51,    7,    0,    1,    0,    0,    0"
2021-01-08,"    6,  310,   10,   10,   20,   13,   10,    9,    0,    0,    0,   -1,10130,   41,    8,   97,   51,    7,    0,    1,    0,    0,    0"
2021-01-08,"    7,  320,   10,   10,   20,   11,     ,    8,    0,    0,    0,   -1,10135,   56,    8,   98,   57,    7,    0,    1,    0,    0,    0"
2021-01-08,"    8,  320,   10,   10,   20,   13,     ,   10,    0,    0,    0,   -1,10142,   19,    8,   98,   51,    7,    0,    1,    0,    0,    0"
2021-01-08,"    9,  340,   10,   10,   20,   20,     ,   17,    0,    9,    0,   -1,10150,   58,    8,   98,   51,    7,    0,    1,    0,    0,    0"
2021-01-08,"   10,  360,   10,   20,   30,   29,     ,   23,    8,   39,    0,   -1,10156,   65,    8,   95,   22,    7,    0,    1,    0,    0,    0"
2021-01-08,"   11,   20,   20,   30,   50,   33,     ,   19,    3,   48,    0,    0,10159,   70,    8,   90,     ,    5,    0,    0,    0,    0,    0"
2021-01-08,"   12,   30,   30,   20,   50,   35,    4,   15,    0,   41,    0,    0,10161,   70,    8,   86,    2,    7,    0,    0,    0,    0,    0"
2021-01-08,"   13,   20,   20,   10,   40,   39,     ,   16,    0,   38,    0,    0,10163,   70,    8,   85,     ,    5,    0,    0,    0,    0,    0"
2021-01-08,"   14,   60,   20,   20,   30,   43,     ,   15,    8,   67,    0,    0,10165,   70,    8,   81,     ,    5,    0,    0,    0,    0,    0"
2021-01-08,"   15,   50,   20,   20,   40,   31,     ,    7,    8,   23,    0,    0,10172,   70,    1,   84,     ,    5,    0,    0,    0,    0,    0"
2021-01-08,"   16,   20,   10,   10,   20,   10,     ,    1,    0,    5,    0,    0,10179,   65,    0,   93,     ,    5,    0,    0,    0,    0,    0"
2021-01-08,"   17,  310,   10,   20,   20,   -2,     ,   -6,    0,    0,    0,    0,10184,   59,    0,   97,   10,    7,    0,    0,    0,    0,    0"
2021-01-08,"   18,  290,   10,   10,   20,  -12,  -20,  -15,    0,    0,    0,    0,10191,   37,    4,   98,   20,    7,    1,    0,    0,    0,    1"
2021-01-08,"   19,  330,   10,   10,   10,  -20,     ,  -23,    0,    0,    0,    0,10198,    4,    1,   98,   35,    7,    1,    0,    0,    0,    1"
2021-01-08,"   20,    0,   10,    0,   20,  -14,     ,  -18,    0,    0,    0,    0,10202,   50,    6,   97,   20,    7,    1,    0,    0,    0,    1"
2021-01-08,"   21,  280,   10,   20,   20,  -18,     ,  -21,    0,    0,    0,    0,10208,   50,    4,   98,   10,    7,    0,    0,    0,    0,    0"
2021-01-08,"   22,  290,   10,   10,   20,  -20,     ,  -22,    0,    0,    0,    0,10210,   58,    8,   98,   10,    7,    0,    0,    0,    0,    0"
2021-01-08,"   23,  280,   10,   10,   20,  -25,     ,  -28,    0,    0,    0,    0,10211,   15,    3,   98,   10,    7,    0,    0,    0,    0,    0"
2021-01-08,"   24,  290,   10,   10,   20,  -28,  -35,  -30,    0,    0,    0,    0,10213,   48,    2,   98,   20,    7,    1,    0,    0,    0,    1"
2021-01-09,"    1,  270,   10,   20,   20,  -30,     ,  -32,    0,    0,    0,    0,10215,   57,    1,   98,   10,    7,    0,    0,    0,    0,    0"
2021-01-09,"    2,  300,   10,   10,   20,  -34,     ,  -38,    0,    0,    0,    0,10221,   56,    2,   97,   10,    7,    0,    0,    0,    0,    0"
2021-01-09,"    3,  300,   10,   10,   20,  -27,     ,  -31,    0,    0,    0,    0,10222,   58,    3,   97,   10,    7,    0,    0,    0,    0,    0"
2021-01-09,"    4,  290,   10,   10,   20,  -33,     ,  -39,    0,    0,    0,    0,10224,   57,    0,   95,   10,    7,    0,    0,    0,    0,    0"
2021-01-09,"    5,  290,   10,   10,   20,  -39,     ,  -43,    0,    0,    0,    0,10226,   58,    0,   96,   10,    7,    0,    0,    0,    0,    0"
2021-01-09,"    6,  320,   10,   10,   20,  -42,  -47,  -45,    0,    0,    0,    0,10230,   56,    0,   97,   10,    7,    0,    0,    0,    0,    0"
2021-01-09,"    7,  290,   10,   20,   30,  -44,     ,  -48,    0,    0,    0,    0,10232,   59,    0,   97,   10,    7,    0,    0,    0,    0,    0"
2021-01-09,"    8,  290,   10,   10,   20,  -42,     ,  -46,    0,    1,    0,    0,10237,   60,    1,   97,     ,    5,    0,    0,    0,    0,    0"
2021-01-09,"    9,  330,   10,   10,   30,  -15,     ,  -20,    7,   23,    0,    0,10244,   61,    7,   95,     ,    5,    0,    0,    0,    0,    0"
2021-01-09,"   10,  290,   10,   10,   20,    3,     ,   -1,    3,   33,    0,    0,10246,   57,    8,   97,   10,    7,    0,    0,    0,    0,    0"
2021-01-09,"   11,  280,   10,   10,   20,   37,     ,   20,    7,   60,    0,    0,10244,   70,    0,   88,     ,    5,    0,    0,    0,    0,    0"
2021-01-09,"   12,  310,   20,   30,   50,   55,  -54,   15,   10,   86,    0,    0,10241,   75,    3,   75,     ,    5,    0,    0,    0,    0,    0"
2021-01-09,"   13,  300,   20,   20,   60,   57,     ,   19,    7,   71,    0,    0,10237,   75,    2,   76,     ,    5,    0,    0,    0,    0,    0"
2021-01-09,"   14,  300,   20,   20,   50,   61,     ,   18,   10,   65,    0,    0,10237,   75,    1,   73,     ,    5,    0,    0,    0,    0,    0"
2021-01-09,"   15,  310,   20,   30,   80,   53,     ,   17,   10,   41,    1,    2,10242,   62,    8,   77,   81,    7,    0,    1,    0,    0,    0"
2021-01-09,"   16,  270,   20,   10,   60,   31,     ,   21,    0,    2,    6,    3,10244,   65,    7,   92,   23,    7,    0,    1,    0,    0,    0"
2021-01-09,"   17,  280,   10,   10,   30,   11,     ,    9,    0,    0,    0,    0,10246,   50,    0,   98,   10,    7,    0,    0,    0,    0,    0"
2021-01-09,"   18,  270,   10,   10,   20,   -8,  -18,  -13,    0,    0,    0,    0,10248,   34,    0,   96,   10,    7,    0,    0,    0,    0,    0"
2021-01-09,"   19,  280,   10,   10,   20,  -17,     ,  -17,    0,    0,    0,    0,10249,    5,    1,   99,   35,    7,    1,    0,    0,    0,    1"
2021-01-09,"   20,  270,   10,   10,   20,  -23,     ,  -23,    0,    0,    0,    0,10251,    6,    0,   99,   35,    7,    1,    0,    0,    0,    1"
2021-01-09,"   21,  250,   10,   10,   20,  -27,     ,  -28,    0,    0,    0,    0,10253,    4,    0,   99,   35,    7,    1,    0,    0,    0,    1"
2021-01-09,"   22,  240,   10,   10,   20,  -31,     ,  -32,    0,    0,    0,    0,10253,    4,    1,   99,   35,    7,    1,    0,    0,    0,    1"
2021-01-09,"   23,  240,   10,   10,   20,  -25,     ,  -28,    0,    0,    0,    0,10252,   49,    7,   98,   20,    7,    1,    0,    0,    0,    1"
2021-01-09,"   24,    0,   10,    0,   20,  -24,  -42,  -27,    0,    0,    0,    0,10251,   58,    7,   98,   10,    7,    0,    0,    0,    0,    0"
2021-01-10,"    1,  230,   10,   10,   10,  -28,     ,  -31,    0,    0,    0,    0,10250,   38,    4,   98,   10,    7,    0,    0,    0,    0,    0"
2021-01-10,"    2,  990,   10,   10,   20,  -19,     ,  -22,    0,    0,    0,   -1,10250,   57,    7,   97,   54,    7,    0,    1,    0,    0,    1"
2021-01-10,"    3,  230,   20,   20,   30,  -28,     ,  -31,    0,    0,    0,   -1,10248,   58,    4,   97,   25,    7,    0,    1,    0,    0,    1"
2021-01-10,"    4,  180,   10,   10,   20,  -26,     ,  -30,    0,    0,    0,    0,10244,   58,    8,   96,   10,    7,    0,    0,    0,    0,    0"
2021-01-10,"    5,  200,   10,   10,   20,  -30,     ,  -34,    0,    0,    0,    0,10242,   43,    2,   96,   10,    7,    0,    0,    0,    0,    0"
2021-01-10,"    6,  190,   10,   10,   10,  -33,  -40,  -38,    0,    0,    0,    0,10239,   41,    8,   96,   10,    7,    0,    0,    0,    0,    0"
2021-01-10,"    7,  200,   10,   10,   20,  -26,     ,  -30,    0,    0,    0,    0,10241,   56,    8,   96,   10,    7,    0,    0,    0,    0,    0"
2021-01-10,"    8,  190,   10,   10,   20,  -15,     ,  -17,    0,    0,    0,    0,10242,   57,    8,   98,   10,    7,    0,    0,    0,    0,    0"
2021-01-10,"    9,  200,   10,   20,   30,   -2,     ,   -6,    0,    9,    0,    0,10244,   60,    7,   97,     ,    5,    0,    0,    0,    0,    0"
2021-01-10,"   10,  230,   20,   20,   30,   20,     ,   14,    3,   34,    0,    0,10245,   65,    7,   95,     ,    5,    0,    0,    0,    0,    0"
2021-01-10,"   11,  230,   20,   20,   50,   47,     ,   16,   10,   82,    0,    0,10240,   75,    7,   80,     ,    5,    0,    0,    0,    0,    0"
2021-01-10,"   12,  230,   30,   20,   50,   50,  -40,   15,    5,   72,    0,    0,10237,   75,    8,   78,     ,    5,    0,    0,    0,    0,    0"
2021-01-10,"   13,  230,   30,   40,   60,   51,     ,   12,    3,   56,    0,    0,10232,   75,    8,   75,     ,    5,    0,    0,    0,    0,    0"
2021-01-10,"   14,  230,   30,   40,   60,   46,     ,   12,    3,   37,    0,    0,10232,   75,    8,   78,     ,    5,    0,    0,    0,    0,    0"
2021-01-10,"   15,  230,   30,   30,   50,   45,     ,   11,    0,   12,    0,    0,10232,   75,    8,   78,     ,    5,    0,    0,    0,    0,    0"
2021-01-10,"   16,  250,   30,   20,   60,   42,     ,   13,    0,    2,    0,    0,10233,   70,    8,   81,     ,    5,    0,    0,    0,    0,    0"
2021-01-10,"   17,  230,   30,   30,   60,   39,     ,   13,    0,    0,    0,    0,10233,   70,    8,   83,     ,    5,    0,    0,    0,    0,    0"
2021-01-10,"   18,  230,   30,   30,   60,   39,   34,   16,    0,    0,    0,    0,10229,   70,    8,   85,     ,    5,    0,    0,    0,    0,    0"
2021-01-10,"   19,  230,   30,   40,   60,   39,     ,   17,    0,    0,    0,    0,10231,   69,    8,   85,     ,    5,    0,    0,    0,    0,    0"
2021-01-10,"   20,  210,   40,   40,   70,   37,     ,   19,    0,    0,    0,    0,10225,   67,    8,   88,     ,    5,    0,    0,    0,    0,    0"
2021-01-10,"   21,  220,   40,   40,   70,   36,     ,   19,    0,    0,    0,    0,10224,   66,    8,   88,     ,    5,    0,    0,    0,    0,    0"
2021-01-10,"   22,  220,   40,   40,   70,   37,     ,   21,    0,    0,    0,    0,10222,   65,    8,   88,     ,    5,    0,    0,    0,    0,    0"
2021-01-10,"   23,  210,   40,   40,   70,   35,     ,   21,    0,    0,    0,    0,10216,   61,    8,   90,     ,    5,    0,    0,    0,    0,    0"
2021-01-10,"   24,  220,   40,   40,   70,   38,   33,   23,    0,    0,    0,    0,10212,   63,    8,   89,     ,    5,    0,    0,    0,    0,    0"
2021-01-11,"    1,  220,   40,   40,   70,   37,     ,   22,    0,    0,    0,    0,10208,   60,    8,   90,     ,    5,    0,    0,    0,    0,    0"
2021-01-11,"    2,  210,   40,   50,   70,   36,     ,   21,    0,    0,    0,    0,10206,   58,    8,   89,   10,    7,    0,    0,    0,    0,    0"
2021-01-11,"    3,  200,   50,   50,   80,   33,     ,   21,    0,    0,    0,    0,10202,   50,    8,   92,   10,    7,    0,    0,    0,    0,    0"
2021-01-11,"    4,  200,   50,   40,   80,   29,     ,   20,    0,    0,    0,    0,10200,   39,    8,   93,   10,    7,    0,    0,    0,    0,    0"
2021-01-11,"    5,  210,   40,   40,   80,   34,     ,   25,    0,    0,    0,    0,10193,   31,    8,   94,   10,    7,    0,    0,    0,    0,    0"
2021-01-11,"    6,  210,   50,   50,   90,   38,   28,   27,    0,    0,    0,    0,10188,   48,    8,   92,   10,    7,    0,    0,    0,    0,    0"
2021-01-11,"    7,  200,   60,   60,  110,   38,     ,   26,    0,    0,    0,    0,10180,   56,    8,   92,   10,    7,    0,    0,    0,    0,    0"
2021-01-11,"    8,  210,   50,   60,  100,   38,     ,   24,    0,    0,    0,    0,10179,   58,    8,   90,   10,    7,    0,    0,    0,    0,    0"
2021-01-11,"    9,  210,   50,   50,  100,   40,     ,   24,    0,    1,    0,    0,10178,   59,    8,   89,   10,    7,    0,    0,    0,    0,    0"
2021-01-11,"   10,  220,   50,   50,   90,   44,     ,   26,    0,    5,    0,    0,10178,   65,    8,   87,     ,    5,    0,    0,    0,    0,    0"
2021-01-11,"   11,  210,   60,   50,  100,   47,     ,   26,    0,    6,    0,    0,10170,   70,    8,   85,     ,    5,    0,    0,    0,    0,    0"
2021-01-11,"   12,  210,   50,   60,   90,   49,   35,   27,    0,   15,    0,    0,10158,   70,    8,   86,     ,    5,    0,    0,    0,    0,    0"
2021-01-11,"   13,  220,   60,   60,  110,   50,     ,   27,    0,   14,    0,    0,10150,   70,    8,   85,     ,    5,    0,    0,    0,    0,    0"
2021-01-11,"   14,  220,   60,   60,  120,   52,     ,   29,    0,   11,    0,    0,10143,   70,    8,   84,     ,    5,    0,    0,    0,    0,    0"
2021-01-11,"   15,  220,   60,   60,  110,   55,     ,   32,    0,    9,    0,    0,10138,   69,    8,   85,     ,    5,    0,    0,    0,    0,    0"
2021-01-11,"   16,  230,   60,   50,  120,   58,     ,   34,    0,    1,    0,    0,10132,   70,    8,   84,     ,    5,    0,    0,    0,    0,    0"
2021-01-11,"   17,  230,   60,   60,  110,   62,     ,   30,    0,    0,    0,    0,10124,   75,    8,   80,     ,    5,    0,    0,    0,    0,    0"
2021-01-11,"   18,  220,   60,   60,  130,   61,   47,   35,    0,    0,    0,    0,10119,   70,    8,   83,     ,    5,    0,    0,    0,    0,    0"
2021-01-11,"   19,  230,   60,   50,  110,   61,     ,   40,    0,    0,    0,   -1,10115,   58,    8,   86,   51,    7,    0,    1,    0,    0,    0"
2021-01-11,"   20,  230,   50,   50,  110,   59,     ,   50,    0,    0,   10,    6,10107,   56,    8,   93,   82,    7,    0,    1,    0,    0,    0"
2021-01-11,"   21,  230,   60,   60,  120,   65,     ,   54,    0,    0,    3,    2,10101,   65,    8,   92,   23,    7,    0,    1,    0,    0,    0"
2021-01-11,"   22,  230,   60,   60,  110,   67,     ,   53,    0,    0,    0,   -1,10090,   69,    8,   90,   22,    7,    0,    1,    0,    0,    0"
2021-01-11,"   23,  230,   60,   60,  130,   68,     ,   57,    0,    0,    6,    2,10085,   60,    8,   92,   51,    7,    0,    1,    0,    0,    0"
2021-01-11,"   24,  230,   60,   60,  110,   70,   56,   61,    0,    0,   10,    2,10076,   61,    8,   93,   51,    7,    0,    1,    0,    0,    0"
2021-01-12,"    1,  230,   70,   70,  120,   69,     ,   63,    0,    0,   10,   14,10063,   50,    8,   95,   82,    7,    0,    1,    0,    0,    0"
2021-01-12,"    2,  240,   60,   60,  130,   71,     ,   65,    0,    0,   10,   15,10055,   46,    8,   95,   62,    7,    0,    1,    0,    0,    0"
2021-01-12,"    3,  250,   50,   50,  100,   77,     ,   72,    0,    0,   10,   29,10050,   57,    8,   96,   62,    7,    0,    1,    0,    0,    0"
2021-01-12,"    4,  250,   40,   40,   90,   79,     ,   73,    0,    0,   10,   34,10040,   57,    8,   96,   62,    7,    0,    1,    0,    0,    0"
2021-01-12,"    5,  260,   50,   50,  100,   82,     ,   75,    0,    0,   10,   33,10033,   60,    8,   95,   61,    7,    0,    1,    0,    0,    0"
2021-01-12,"    6,  280,   50,   40,   90,   78,   67,   69,    0,    0,   10,   20,10033,   63,    8,   94,   57,    7,    0,    1,    0,    0,    0"
2021-01-12,"    7,  290,   30,   30,   90,   74,     ,   60,    0,    0,    7,    3,10038,   65,    8,   91,   57,    7,    0,    1,    0,    0,    0"
2021-01-12,"    8,  330,   30,   40,   80,   66,     ,   58,    0,    0,    0,   -1,10049,   65,    8,   94,   51,    7,    0,    1,    0,    0,    0"
2021-01-12,"    9,  330,   40,   30,   80,   60,     ,   48,    2,   11,    0,   -1,10063,   65,    8,   91,   23,    7,    0,    1,    0,    0,    0"
2021-01-12,"   10,  320,   30,   40,   80,   60,     ,   39,    0,   23,    0,    0,10074,   70,    8,   86,     ,    5,    0,    0,    0,    0,    0"
2021-01-12,"   11,  320,   40,   40,  100,   63,     ,   34,    5,   58,    2,    1,10086,   70,    7,   81,   81,    7,    0,    1,    0,    0,    0"
2021-01-12,"   12,  320,   50,   40,  100,   60,   50,    2,    7,   76,    0,   -1,10089,   80,    3,   66,   23,    7,    0,    1,    0,    0,    0"
2021-01-12,"   13,  300,   50,   50,  100,   68,     ,  -10,   10,   89,    0,    0,10092,   82,    1,   57,     ,    5,    0,    0,    0,    0,    0"
2021-01-12,"   14,  300,   40,   40,  100,   67,     ,    2,    8,   62,    0,    0,10097,   80,    3,   63,     ,    5,    0,    0,    0,    0,    0"
2021-01-12,"   15,  290,   40,   30,  130,   44,     ,   20,    7,   25,    2,    2,10107,   70,    4,   84,   23,    7,    0,    1,    0,    0,    0"
2021-01-12,"   16,  300,   30,   30,  120,   39,     ,   20,    2,   14,    2,    8,10118,   70,    4,   87,   23,    7,    0,    1,    0,    0,    0"
2021-01-12,"   17,  320,   20,   20,   70,   33,     ,   15,    0,    0,    0,    0,10125,   70,    1,   87,     ,    5,    0,    0,    0,    0,    0"
2021-01-12,"   18,  310,   20,   20,   30,   24,    2,   12,    0,    0,    0,    0,10136,   65,    0,   91,    1,    7,    0,    0,    0,    0,    0"
2021-01-12,"   19,  280,   20,   20,   40,   12,     ,   -1,    0,    0,    0,    0,10143,   65,    0,   91,     ,    5,    0,    0,    0,    0,    0"
2021-01-12,"   20,  270,   20,   20,   40,   20,     ,   -2,    0,    0,    0,    0,10150,   70,    2,   84,     ,    5,    0,    0,    0,    0,    0"
2021-01-12,"   21,  270,   20,   20,   40,   28,     ,   -4,    0,    0,    0,    0,10154,   74,    1,   79,     ,    5,    0,    0,    0,    0,    0"
2021-01-12,"   22,  300,   30,   30,   80,   34,     ,    2,    0,    0,    0,    0,10160,   75,    4,   79,     ,    5,    0,    0,    0,    0,    0"
2021-01-12,"   23,  260,   20,   20,   60,   25,     ,    0,    0,    0,    0,    0,10164,   70,    0,   83,     ,    5,    0,    0,    0,    0,    0"
2021-01-12,"   24,  240,   30,   30,   50,   23,  -16,    0,    0,    0,    0,    0,10165,   70,    1,   84,     ,    5,    0,    0,    0,    0,    0"
2021-01-13,"    1,  260,   30,   20,   90,   24,     ,   12,    0,    0,    4,    1,10163,   65,    7,   91,   81,    7,    0,    1,    0,    0,    0"
2021-01-13,"    2,  260,   30,   40,   60,   29,     ,    3,    0,    0,    0,   -1,10163,   70,    5,   83,   23,    7,    0,    1,    0,    0,    0"
2021-01-13,"    3,  270,   30,   30,   60,   31,     ,   14,    0,    0,    2,    5,10167,   47,    8,   88,   81,    7,    0,    1,    0,    0,    0"
2021-01-13,"    4,  270,   30,   30,   80,   35,     ,   16,    0,    0,    0,   -1,10166,   70,    8,   87,   23,    7,    0,    1,    0,    0,    0"
2021-01-13,"    5,  270,   40,   30,   70,   38,     ,    6,    0,    0,    0,    0,10162,   74,    8,   79,     ,    5,    0,    0,    0,    0,    0"
2021-01-13,"    6,  270,   30,   40,   70,   39,    2,    3,    0,    0,    0,    0,10161,   75,    8,   77,    2,    7,    0,    0,    0,    0,    0"
2021-01-13,"    7,  270,   30,   30,   70,   38,     ,   -1,    0,    0,    0,    0,10159,   75,    8,   75,     ,    5,    0,    0,    0,    0,    0"
2021-01-13,"    8,  250,   30,   40,   70,   37,     ,    0,    0,    1,    0,    0,10159,   75,    8,   77,     ,    5,    0,    0,    0,    0,    0"
2021-01-13,"    9,  260,   30,   40,   80,   46,     ,    3,    8,   24,    0,    0,1A158,   75,    8,   73,     ,    5,    0,    0,    0,    0,    0"
2021-01-13,"   10,  260,   40,   40,   80,   50,     ,    6,    8,   44,    0,    0,10158,   73,    6,   73,     ,    5,    0,    0,    0,    0,    0"
2021-01-13,"   11,  280,   40,   40,   80,   54,     ,    7,    8,   67,    0,    0,10157,   75,    4,   71,     ,    5,    0,    0,    0,    0,    0"
2021-01-13,"   12,  290,   50,   50,  100,   60,   20,    3,    3,   65,    0,    0,10153,   80,    7,   67,     ,    5,    0,    0,    0,    0,    0"
2021-01-13,"   13,  270,   50,   50,  100,   55,     ,   -4,    5,   55,    0,    0,10146,   78,    4,   65,     ,    5,    0,    0,    0,    0,    0"
2021-01-13,"   14,  270,   50,   50,   90,   53,     ,    1,    7,   56,    0,    0,10143,   80,    8,   69,     ,    5,    0,    0,    0,    0,    0"
2021-01-13,"   15,  270,   40,   40,   90,   50,     ,    4,    3,   17,    0,    0,10143,   75,    8,   72,     ,    5,    0,    0,    0,    0,    0"
2021-01-13,"   16,  270,   40,   40,   80,   49,     ,   10,    0,    3,    0,    0,10142,   75,    8,   76,     ,    5,    0,    0,    0,    0,    0"
2021-01-13,"   17,  270,   30,   30,   70,   46,     ,   16,    0,    0,    0,   -1,10139,   75,    8,   80,   23,    7,    0,    1,    0,    0,    0"
2021-01-13,"   18,  280,   30,   30,   70,   44,   34,   23,    0,    0,    0,    0,10139,   70,    8,   85,    2,    7,    0,    0,    0,    0,    0"
2021-01-13,"   19,  280,   20,   20,   50,   45,     ,   24,    0,    0,    0,    0,10144,   70,    8,   86,     ,    5,    0,    0,    0,    0,    0"
2021-01-13,"   20,  280,   20,   30,   50,   49,     ,   20,    0,    0,    0,   -1,10146,   70,    8,   81,   22,    7,    0,    1,    0,    0,    0"
2021-01-13,"   21,  330,   30,   40,   90,   46,     ,   30,    0,    0,    5,    2,10153,   60,    8,   89,   81,    7,    0,    1,    0,    0,    0"
2021-01-13,"   22,  340,   20,   20,   60,   42,     ,   28,    0,    0,    0,   -1,10161,   70,    8,   90,   23,    7,    0,    1,    0,    0,    0"
2021-01-13,"   23,  360,   20,   20,   60,   40,     ,    7,    0,    0,    0,    0,10171,   73,    8,   78,     ,    5,    0,    0,    0,    0,    0"
2021-01-13,"   24,  360,   20,   20,   50,   36,   27,   -9,    0,    0,    0,    0,10175,   75,    8,   72,    2,    7,    0,    0,    0,    0,    0"
2021-01-14,"    1,   10,   10,   20,   30,   33,     ,  -14,    0,    0,    0,    0,10176,   75,    8,   71,     ,    5,    0,    0,    0,    0,    0"
2021-01-14,"    2,  360,   20,   20,   30,   28,     ,  -13,    0,    0,    0,    0,10181,   75,    8,   74,     ,    5,    0,    0,    0,    0,    0"
2021-01-14,"    3,  310,   10,   10,   20,   15,     ,   -5,    0,    0,    0,    0,10184,   70,    8,   86,     ,    5,    0,    0,    0,    0,    0"
2021-01-14,"    4,  320,   10,   10,   20,    5,     ,   -6,    0,    0,    0,    0,10186,   65,    8,   91,     ,    5,    0,    0,    0,    0,    0"
2021-01-14,"    5,   20,   10,   10,   20,    2,     ,   -5,    0,    0,    0,    0,10187,   65,    8,   95,     ,    5,    0,    0,    0,    0,    0"
2021-01-14,"    6,   40,   20,   10,   20,    7,    0,   -7,    0,    0,    0,    0,10191,   70,    8,   90,     ,    5,    0,    0,    0,    0,    0"
2021-01-14,"    7,   70,   10,   10,   20,    4,     ,   -7,    0,    0,    0,    0,10195,   65,    8,   92,     ,    5,    0,    0,    0,    0,    0"
2021-01-14,"    8,   70,   20,   20,   30,   10,     ,   -9,    0,    0,    0,    0,10199,   70,    8,   87,     ,    5,    0,    0,    0,    0,    0"
2021-01-14,"    9,   80,   20,   30,   40,   15,     ,   -9,    0,   10,    0,    0,10204,   70,    8,   84,     ,    5,    0,    0,    0,    0,    0"
2021-01-14,"   10,   90,   30,   40,   60,   19,     ,  -13,    0,   24,    0,    0,10206,   75,    8,   79,     ,    5,    0,    0,    0,    0,    0"
2021-01-14,"   11,  110,   40,   40,   70,   21,     ,  -14,    0,   45,    0,    0,10203,   75,    8,   77,     ,    5,    0,    0,    0,    0,    0"
2021-01-14,"   12,  100,   40,   50,   80,   23,    0,  -17,    0,   51,    0,    0,10199,   75,    8,   75,     ,    5,    0,    0,    0,    0,    0"
2021-01-14,"   13,  100,   50,   50,   80,   22,     ,  -19,    0,   47,    0,    0,10195,   75,    8,   74,     ,    5,    0,    0,    0,    0,    0"
2021-01-14,"   14,   90,   50,   50,   70,   21,     ,  -19,    3,   42,    0,    0,10192,   75,    8,   74,     ,    5,    0,    0,    0,    0,    0"
2021-01-14,"   15,   80,   50,   60,   90,   19,     ,  -26,   10,   29,    0,    0,10193,   75,    8,   71,     ,    5,    0,    0,    0,    0,    0"
2021-01-14,"   16,   90,   50,   50,   80,   17,     ,  -24,    2,    6,    0,    0,10196,   75,    8,   74,     ,    5,    0,    0,    0,    0,    0"
2021-01-14,"   17,   70,   50,   50,   80,   13,     ,  -23,    0,    0,    0,    0,10199,   75,    8,   77,     ,    5,    0,    0,    0,    0,    0"
2021-01-14,"   18,   70,   50,   50,   80,   11,   -1,  -20,    0,    0,    0,    0,10204,   75,    8,   79,     ,    5,    0,    0,    0,    0,    0"
2021-01-14,"   19,   70,   40,   40,   80,    8,     ,  -2,    0,    0,    0,    0,10211,   75,    8,   80,     ,    5,    0,    0,    0,    0,    0"
2021-01-14,"   20,   60,   40,   40,   70,    0,     ,  -23,    0,    0,    0,    0,10215,   70,    8,   84,     ,    5,    0,    0,    0,    0,    0"
2021-01-14,"   21,   50,   40,   40,   60,   Z,     ,  -24,    0,    0,    0,    0,10221,   70,    8,   84,     ,    5,    0,    0,    0,    0,    0"
2021-01-14,"   22,   40,   40,   30,   60,   -4,     ,  -21,    0,    0,    0,    0,10228,   66,    8,   88,     ,    5,    0,    0,    0,    0,    0"
2021-01-14,"   23,   40,   40,   40,   60,   -5,     ,  -23,    0,    0,    0,    0,10234,   67,    8,   87,     ,    5,    0,    0,    0,    0,    0"
2021-01-14,"   24,   40,   40,   40,   70,   -6,  -19,  -31,    0,    0,    0,    0,10238,   70,    8,   83,     ,    5,    0,    0,    0,    0,    0"
2021-01-15,"    1,   40,   40,   30,   60,   -4,     ,  -37,    0,    0,    0,    0,10243,   75,    8,   78,     ,    5,    0,    0,    0,    0,    0"
2021-01-15,"    2,   10,   20,   20,   50,    0,     ,  -33,    0,    0,    0,    0,10250,   75,    8,   78,     ,    5,    0,    0,    0,    0,    0"
2021-01-15,"    3,  360,   30,   20,   40,    5,     ,  -34,    0,    0,    0,    0,10254,   75,    8,   75,     ,    5,    0,    0,    0,    0,    0"
2021-01-15,"    4,  360,   20,   20,   40,    8,     ,  -35,    0,    0,    0,    0,10258,   75,    8,   73,     ,    5,    0,    0,    0,    0,    0"
2021-01-15,"    5,   10,   20,   20,   40,    9,     ,  -32,    0,    0,    0,    0,10262,   75,    8,   74,     ,    5,    0,    0,    0,    0,    0"
2021-01-15,"    6,   10,   20,   20,   50,   12,  -23,  -32,    0,    0,    0,    0,10268,   75,    8,   72,     ,    5,    0,    0,    0,    0,    0"
2021-01-15,"    7,   30,   20,   20,   50,   15,     ,  -36,    0,    0,    0,    0,10274,   80,    8,   68,     ,    5,    0,    0,    0,    0,    0"
2021-01-15,"    8,  330,   20,   10,   40,   10,     ,  -31,    0,    0,    0,    0,10279,   75,    8,   73,     ,    5,    0,    0,    0,    0,    0"
2021-01-15,"    9,  330,   10,   20,   30,   14,     ,  -30,    0,    5,    0,    0,10287,   75,    8,   72,     ,    5,    0,    0,    0,    0,    0"
2021-01-15,"   10,  320,   20,   10,   30,   14,     ,  -22,    0,    9,    0,    0,10294,   75,    8,   77,     ,    5,    0,    0,    0,    0,    0"
2021-01-15,"   11,  290,   10,   10,   20,   15,     ,  -18,    0,   11,    0,    0,10298,   75,    8,   78,     ,    5,    0,    0,    0,    0,    0"
2021-01-15,"   12,  320,   10,   10,   30,   21,    1,  -18,    0,   18,    0,    0,10297,   75,    8,   75,     ,    5,    0,    0,    0,    0,    0"
2021-01-15,"   13,   10,   20,   10,   30,   22,     ,  -18,    0,   16,    0,    0,10296,   75,    8,   74,     ,    5,    0,    0,    0,    0,    0"
2021-01-15,"   14,  290,   10,   10,   20,   22,     ,  -17,    0,   12,    0,    0,10296,   71,    8,   75,     ,    5,    0,    0,    0,    0,    0"
2021-01-15,"   15,    0,   10,    0,   20,   23,     ,  -14,    0,    9,    0,    0,10297,   75,    8,   76,     ,    5,    0,    0,    0,    0,    0"
2021-01-15,"   16,    0,   10,    0,   20,   15,     ,  -10,    0,    2,    0,    0,10299,   70,    8,   83,     ,    5,    0,    0,    0,    0,    0"
2021-01-15,"   17,   40,    0,   10,   10,    8,     ,   -9,    0,    0,    0,    0,10300,   67,    8,   88,     ,    5,    0,    0,    0,    0,    0"
2021-01-15,"   18,  190,   10,   10,   20,    9,    4,  -11,    0,    0,    0,    0,10300,   67,    8,   86,     ,    5,    0,    0,    0,    0,    0"
2021-01-15,"   19,  140,   10,   10,   20,    8,     ,   -8,    0,    0,    0,    0,10303,   66,    8,   89,     ,    5,    0,    0,    0,    0,    0"
2021-01-15,"   20,  190,   10,   10,   20,    7,     ,  -10,    0,    0,    0,    0,10305,   65,    8,   88,     ,    5,    0,    0,    0,    0,    0"
2021-01-15,"   21,  200,   10,   20,   20,   14,     ,  -15,    0,    0,    0,    0,10305,   70,    8,   81,     ,    5,    0,    0,    0,    0,    0"
2021-01-15,"   22,  200,   20,   20,   40,   15,     ,  -16,    0,    0,    0,    0,10305,   70,    8,   80,     ,    5,    0,    0,    0,    0,    0"
2021-01-15,"   23,  200,   20,   20,   30,   14,     ,  -15,    0,    0,    0,    0,10300,   69,    8,   81,     ,    5,    0,    0,    0,    0,    0"
2021-01-15,"   24,  200,   20,   10,   30,   12,    3,  -13,    0,    0,    0,    0,10297,   68,    8,   83,     ,    5,    0,    0,    0,    0,    0"
2021-01-16,"    1,  200,   20,   20,   30,   14,     ,  -12,    0,    0,    0,    0,10295,   70,    8,   83,     ,    5,    0,    0,    0,    0,    0"
2021-01-16,"    2,  200,   20,   20,   30,   15,     ,  -13,    0,    0,    0,    0,10290,   70,    8,   82,     ,    5,    0,    0,    0,    0,    0"
2021-01-16,"    3,  210,   20,   20,   40,   14,     ,  -11,    0,    0,    0,    0,10287,   70,    8,   83,     ,    5,    0,    0,    0,    0,    0"
2021-01-16,"    4,  190,   20,   20,   40,   17,     ,  -12,    0,    0,    0,    0,10280,   70,    8,   81,     ,    5,    0,    0,    0,    0,    0"
2021-01-16,"    5,  190,   20,   30,   50,   17,     ,  -17,    0,    0,    0,    0,10274,   75,    8,   78,     ,    5,    0,    0,    0,    0,    0"
2021-01-16,"    6,  190,   20,   20,   50,   15,    5,  -17,    0,    0,    0,    0,10268,   75,    8,   79,     ,    5,    0,    0,    0,    0,    0"
2021-01-16,"    7,  210,   30,   30,   50,   18,     ,  -28,    0,    0,    0,    0,10264,   75,    8,   71,     ,    5,    0,    0,    0,    0,    0"
2021-01-16,"    8,  230,   30,   40,   80,   18,     ,  -34,    0,    1,    0,    0,10260,   80,    8,   68,     ,    5,    0,    0,    0,    0,    0"
2021-01-16,"    9,  210,   30,   30,   60,   18,     ,  -32,    0,    9,    0,    0,10255,   78,    8,   69,     ,    5,    0,    0,    0,    0,    0"
2021-01-16,"   10,  200,   40,   40,   70,   19,     ,  -30,    0,   21,    0,    0,10253,   72,    8,   69,     ,    5,    0,    0,    0,    0,    0"
2021-01-16,"   11,  200,   40,   50,   70,   19,     ,  -30,    0,   26,    0,    0,10245,   74,    8,   70,     ,    5,    0,    0,    0,    0,    0"
2021-01-16,"   12,  190,   40,   40,   70,   19,    8,  -30,    0,   26,    0,    0,10232,   78,    8,   69,     ,    5,    0,    0,    0,    0,    0"
2021-01-16,"   13,  190,   50,   50,   90,   19,     ,  -39,    0,   20,    0,    0,10218,   80,    8,   65,     ,    5,    0,    0,    0,    0,    0"
2021-01-16,"   14,  190,   60,   60,  100,   16,     ,  -44,    0,   12,    0,    0,10205,   82,    8,   64,     ,    5,    0,    0,    0,    0,    0"
2021-01-16,"   15,  180,   60,   60,  130,   -5,     ,  -20,    0,    6,    5,    2,10199,   18,    8,   89,   86,    7,    0,    0,    1,    0,    0"
2021-01-16,"   16,  160,   50,   50,  110,   -8,     ,  -12,    0,    2,   10,    7,10189,   13,    8,   96,   72,    7,    0,    0,    1,    0,    0"
2021-01-16,"   17,  160,   50,   50,   80,   -9,     ,  -11,    0,    0,   10,    8,10180,   16,    8,   98,   72,    7,    0,    0,    1,    0,    0"
2021-01-16,"   18,  160,   40,   40,   80,   -9,   -6,  -11,    0,    0,   10,    5,10174,   15,    8,   98,   72,    7,    0,    0,    1,    0,    0"
2021-01-16,"   19,  160,   40,   40,   70,   -8,     ,  -10,    0,    0,   10,    5,10172,   24,    8,   98,   77,    7,    0,    0,    1,    0,    0"
2021-01-16,"   20,  170,   40,   40,   70,   -5,     ,   -8,    0,    0,    0,   -1,10168,   35,    8,   97,   77,    7,    0,    1,    1,    0,    1"
2021-01-16,"   21,  180,   30,   40,   60,   -3,     ,   -9,    0,    0,    0,   -1,10165,   50,    8,   95,   25,    7,    0,    1,    1,    0,    1"
2021-01-16,"   22,  170,   30,   30,   60,   -2,     ,   -9,    0,    0,    0,    0,10161,   50,    8,   95,   10,    7,    0,    0,    0,    0,    0"
2021-01-16,"   23,  180,   30,   30,   60,   -2,     ,   -8,    0,    0,    1,    2,10157,   42,    8,   95,   25,    7,    0,    1,    1,    0,    1"
2021-01-16,"   24,  180,   30,   30,   50,   -1,   -6,   -8,    0,    0,    0,    0,10151,   39,    8,   94,   10,    7,    0,    0,    0,    0,    0"
2021-01-17,"    1,  180,   30,   30,   50,    0,     ,   -4,    0,    0,    5,    2,10149,   17,    8,   96,   52,    7,    0,    1,    0,    0,    0"
2021-01-17,"    2,  170,   30,   30,   50,    2,     ,   -1,    0,    0,    5,    2,10145,   14,    8,   98,   81,    7,    0,    1,    0,    0,    0"
2021-01-17,"    3,  180,   30,   20,   50,    4,     ,    1,    0,    0,    4,    4,10145,   14,    8,   97,   81,    7,    0,    1,    0,    0,    0"
2021-01-17,"    4,  170,   20,   20,   40,    5,     ,    3,    0,    0,    5,    3,10144,   20,    8,   98,   51,    7,    0,    1,    0,    0,    0"
2021-01-17,"    5,  170,   20,   10,   40,    6,     ,    3,    0,    0,    0,   -1,10145,   16,    8,   98,   23,    7,    0,    1,    0,    0,    0"
2021-01-17,"    6,  170,   10,   10,   20,    5,   -1,    3,    0,    0,    0,    0,10147,   10,    8,   98,   10,    7,    0,    0,    0,    0,    0"
2021-01-17,"    7,  210,   10,   10,   20,    6,     ,    3,    0,    0,    0,    0,10152,   11,    8,   98,   20,    7,    1,    0,    0,    0,    0"
2021-01-17,"    8,  250,   10,   10,   20,    6,     ,    3,    0,    1,    0,   -1,10158,   13,    8,   98,   23,    7,    1,    1,    0,    0,    0"
2021-01-17,"    9,  280,   20,   20,   30,   33,     ,   32,    0,    8,    0,    0,10168,   50,    8,   98,   10,    7,    0,    0,    0,    0,    0"
2021-01-17,"   10,  270,   20,   20,   40,   47,     ,   38,    0,   27,    0,    0,10177,   60,    8,   94,     ,    5,    0,    0,    0,    0,    0"
2021-01-17,"   11,  290,   20,   20,   50,   55,     ,   43,    3,   54,    0,   -1,10182,   59,    8,   91,   52,    7,    0,    1,    0,    0,    0"
2021-01-17,"   12,  300,   20,   30,   60,   69,    8,   47,    5,   70,    0,   -1,10185,   66,    1,   85,   22,    7,    0,    1,    0,    0,    0"
2021-01-17,"   13,  310,   30,   40,   70,   78,     ,   44,    8,   92,    0,    0,10186,   66,    3,   79,     ,    5,    0,    0,    0,    0,    0"
2021-01-17,"   14,  300,   30,   40,   70,   74,     ,   43,    2,   37,    0,    0,10192,   64,    8,   81,     ,    5,    0,    0,    0,    0,    0"
2021-01-17,"   15,  340,   40,   50,  100,   59,     ,   38,    3,   24,    0,   -1,10203,   60,    8,   86,   51,    7,    0,    1,    0,    0,    0"
2021-01-17,"   16,  300,   30,   20,   60,   54,     ,   43,    0,    3,    9,   11,10208,   65,    8,   92,   57,    7,    0,    1,    0,    0,    0"
2021-01-17,"   17,  270,   10,   10,   40,   46,     ,   40,    0,    0,    0,   -1,10214,   62,    8,   95,   23,    7,    0,    1,    0,    0,    0"
2021-01-17,"   18,  260,   20,   10,   40,   43,   21,   37,    0,    0,    0,    0,10221,   59,    8,   96,   10,    7,    0,    0,    0,    0,    0"
2021-01-17,"   19,  270,   20,   20,   40,   43,     ,   33,    0,    0,    0,    0,10225,   60,    6,   93,     ,    5,    0,    0,    0,    0,    0"
2021-01-17,"   20,  260,   20,   20,   50,   49,     ,   39,    0,    0,    0,    0,10226,   61,    8,   93,     ,    5,    0,    0,    0,    0,    0"
2021-01-17,"   21,  260,   20,   20,   40,   44,     ,   34,    0,    0,    0,    0,10229,   61,    8,   93,     ,    5,    0,    0,    0,    0,    0"
2021-01-17,"   22,  250,   20,   20,   40,   34,     ,   27,    0,    0,    0,    0,10228,   61,    1,   95,     ,    5,    0,    0,    0,    0,    0"
2021-01-17,"   23,  230,   20,   20,   30,   28,     ,   23,    0,    0,    0,    0,10232,   60,    5,   96,     ,    5,    0,    0,    0,    0,    0"
2021-01-17,"   24,  230,   20,   30,   40,   24,    0,   18,    0,    0,    0,    0,10230,   61,    5,   95,     ,    5,    0,    0,    0,    0,    0"
2021-01-18,"    1,  230,   30,   30,   50,   30,     ,   19,    0,    0,    0,    0,10226,   65,    5,   92,     ,    5,    0,    0,    0,    0,    0"
2021-01-18,"    2,  230,   20,   20,   40,   25,     ,   15,    0,    0,    0,    0,10225,   65,    8,   93,     ,    5,    0,    0,    0,    0,    0"
2021-01-18,"    3,  230,   30,   30,   50,   30,     ,   19,    0,    0,    0,    0,10225,   64,    8,   92,     ,    5,    0,    0,    0,    0,    0"
2021-01-18,"    4,  230,   20,   20,   50,   31,     ,   23,    0,    0,    0,    0,10221,   62,    8,   94,     ,    5,    0,    0,    0,    0,    0"
2021-01-18,"    5,  230,   30,   40,   60,   36,     ,   29,    0,    0,    0,    0,10219,   60,    8,   95,     ,    5,    0,    0,    0,    0,    0"
2021-01-18,"    6,  220,   30,   30,   60,   39,    3,   31,    0,    0,    0,    0,10216,   60,    8,   94,     ,    5,    0,    0,    0,    0,    0"
2021-01-18,"    7,  220,   40,   40,   70,   39,     ,   30,    0,    0,    0,    0,10212,   59,    8,   94,   10,    7,    0,    0,    0,    0,    0"
2021-01-18,"    8,  240,   40,   40,   70,   44,     ,   32,    0,    1,    0,    0,10216,   61,    8,   92,     ,    5,    0,    0,    0,    0,    0"
2021-01-18,"    9,  220,   40,   40,   80,   46,     ,   36,    0,    6,    0,    0,10214,   61,    8,   93,     ,    5,    0,    0,    0,    0,    0"
2021-01-18,"   10,  220,   40,   50,   80,   51,     ,   39,    0,   25,    0,   -1,10209,   63,    8,   91,   22,    7,    0,    1,    0,    0,    0"
2021-01-18,"   11,  230,   50,   50,   90,   55,     ,   38,    0,   35,    0,    0,10207,   66,    8,   88,     ,    5,    0,    0,    0,    0,    0"
2021-01-18,"   12,  230,   50,   40,   90,   57,   30,   40,    0,   27,    0,    0,10204,   66,    8,   88,    2,    7,    0,    0,    0,    0,    0"
2021-01-18,"   13,  230,   50,   50,   90,   63,     ,   42,    0,   27,    0,   -1,10197,   65,    8,   86,   81,    7,    0,    1,    0,    0,    0"
2021-01-18,"   14,  230,   40,   40,   80,   63,     ,   42,    0,   17,    0,   -1,10192,   67,    8,   86,   23,    7,    0,    1,    0,    0,    0"
2021-01-18,"   15,  230,   40,   40,   80,   62,     ,   35,    2,   17,    0,   -1,10188,   70,    7,   82,   22,    7,    0,    1,    0,    0,    0"
2021-01-18,"   16,  230,   50,   40,  100,   57,     ,   36,    0,    2,    1,    1,10187,   70,    8,   86,   22,    7,    0,    1,    0,    0,    0"
2021-01-18,"   17,  240,   40,   50,  100,   58,     ,   39,    0,    0,    1,    1,10188,   69,    8,   87,   23,    7,    0,    1,    0,    0,    0"
2021-01-18,"   18,  230,   40,   30,   80,   54,   44,   38,    0,    0,    0,    0,10186,   70,    8,   89,    2,    7,    0,    0,    0,    0,    0"
2021-01-18,"   19,  220,   40,   40,   80,   53,     ,   40,    0,    0,    0,   -1,10181,   62,    8,   91,   23,    7,    0,    1,    0,    0,    0"
2021-01-18,"   20,  220,   50,   50,   90,   52,     ,   38,    0,    0,    0,    0,10177,   65,    7,   90,     ,    5,    0,    0,    0,    0,    0"
2021-01-18,"   21,  220,   50,   60,   90,   53,     ,   37,    0,    0,    0,    0,10172,   67,    8,   89,    3,    7,    0,    0,    0,    0,    0"
2021-01-18,"   22,  220,   50,   50,   90,   50,     ,   37,    0,    0,    0,    0,10165,   64,    8,   90,     ,    5,    0,    0,    0,    0,    0"
2021-01-18,"   23,  210,   50,   50,   80,   55,     ,   42,    0,    0,    0,    0,10157,   61,    8,   91,     ,    5,    0,    0,    0,    0,    0"
2021-01-18,"   24,  210,   60,   60,  100,   59,   44,   39,    0,    0,    0,    0,10148,   66,    8,   87,    2,    7,    0,    0,    0,    0,    0"
2021-01-19,"    1,  200,   70,   60,  110,   57,     ,   29,    0,    0,    0,    0,10135,   70,    8,   82,     ,    5,    0,    0,    0,    0,    0"
2021-01-19,"    2,  200,   60,   50,  110,   54,     ,   31,    0,    0,    0,   -1,10120,   65,    8,   84,   51,    7,    0,    1,    0,    0,    0"
2021-01-19,"    3,  190,   60,   60,  110,   48,     ,   32,    0,    0,    9,    5,10105,   62,    8,   89,   82,    7,    0,    1,    0,    0,    0"
2021-01-19,"    4,  200,   60,   60,  130,   46,     ,   35,    0,    0,   10,   14,10090,   63,    8,   92,   61,    7,    0,    1,    0,    0,    0"
2021-01-19,"    5,  200,   60,   60,  120,   48,     ,   42,    0,    0,   10,   16,10075,   56,    8,   95,   62,    7,    0,    1,    0,    0,    0"
2021-01-19,"    6,  190,   70,   70,  120,   54,   42,   45,    0,    0,   10,   21,10058,   60,    8,   94,   61,    7,    0,    1,    0,    0,    0"
2021-01-19,"    7,  210,   70,   80,  130,   61,     ,   52,    0,    0,   10,   26,10043,   57,    8,   93,   62,    7,    0,    1,    0,    0,    0"
2021-01-19,"    8,  220,   80,   80,  160,   68,     ,   58,    0,    0,   10,   24,10034,   56,    8,   93,   62,    7,    0,    1,    0,    0,    0"
2021-01-19,"    9,  230,   90,   80,  160,   74,     ,   66,    0,    2,   10,   21,10031,   40,    8,   94,   62,    7,    0,    1,    0,    0,    0"
2021-01-19,"   10,  230,   80,   80,  150,   79,     ,   73,    0,    7,   10,   14,10031,   44,    8,   95,   62,    7,    0,    1,    0,    0,    0"
2021-01-19,"   11,  240,   70,   70,  130,   95,     ,   90,    0,    8,   10,    8,10033,   34,    8,   96,   53,    7,    0,    1,    0,    0,    0"
2021-01-19,"   12,  240,   70,   80,  130,   99,   51,   91,    0,   10,    9,    4,10034,   45,    8,   94,   52,    7,    0,    1,    0,    0,    0"
2021-01-19,"   13,  240,   70,   70,  150,  102,     ,   86,    0,   13,    0,   -1,10037,   66,    8,   89,   22,    7,    0,    1,    0,    0,    0"
2021-01-19,"   14,  240,   80,   70,  170,  103,     ,   85,    0,   11,    0,   -1,10038,   67,    8,   88,   81,    7,    0,    1,    0,    0,    0"
2021-01-19,"   15,  240,   80,   80,  170,  100,     ,   81,    2,   15,    5,    3,10040,   70,    8,   87,   23,    7,    0,    1,    0,    0,    0"
2021-01-19,"   16,  240,   80,   90,  170,   98,     ,   73,    0,    3,    0,    0,10044,   70,    8,   84,     ,    5,    0,    0,    0,    0,    0"
2021-01-19,"   17,  230,   80,   80,  160,   97,     ,   70,    0,    0,    0,    0,10044,   70,    8,   82,     ,    5,    0,    0,    0,    0,    0"
2021-01-19,"   18,  220,   70,   70,  130,   93,   87,   67,    0,    0,    0,    0,10044,   70,    8,   83,    2,    7,    0,    0,    0,    0,    0"
2021-01-19,"   19,  220,   80,   70,  170,   91,     ,   62,    0,    0,    0,   -1,10042,   70,    8,   82,   23,    7,    0,    1,    0,    0,    0"
2021-01-19,"   20,  210,   80,   70,  150,   86,     ,   61,    0,    0,    0,   -1,10039,   70,    8,   84,   23,    7,    0,    1,    0,    0,    0"
2021-01-19,"   21,  200,   80,   70,  140,   79,     ,   54,    0,    0,    0,    0,10031,   70,    8,   84,    2,    7,    0,    0,    0,    0,    0"
2021-01-19,"   22,  200,   70,   70,  130,   74,     ,   50,    0,    0,    0,    0,10026,   70,    8,   84,     ,    5,    0,    0,    0,    0,    0"
2021-01-19,"   23,  200,   80,   80,  140,   74,     ,   49,    0,    0,    0,    0,10019,   70,    8,   84,     ,    5,    0,    0,    0,    0,    0"
2021-01-19,"   24,  200,   60,   60,  130,   73,   69,   47,    0,    0,    0,   -1,10013,   70,    8,   83,   51,    7,    0,    1,    0,    0,    0"
2021-01-20,"    1,  200,   70,   70,  120,   72,     ,   42,    0,    0,    0,   -1,10006,   70,    8,   81,   23,    7,    0,    1,    0,    0,    0"
2021-01-20,"    2,  190,   60,   60,  120,   69,     ,   44,    0,    0,    0,    0,10003,   70,    8,   83,     ,    5,    0,    0,    0,    0,    0"
2021-01-20,"    3,  200,   60,   60,  130,   70,     ,   50,    0,    0,    0,   -1, 9994,   66,    8,   87,   51,    7,    0,    1,    0,    0,    0"
2021-01-20,"    4,  190,   60,   60,  120,   74,     ,   49,    0,    0,    0,   -1, 9990,   70,    8,   84,   22,    7,    0,    1,    0,    0,    0"
2021-01-20,"    5,  200,   70,   70,  130,   77,     ,   49,    0,    0,    0,    0, 9982,   70,    8,   82,     ,    5,    0,    0,    0,    0,    0"
2021-01-20,"    6,  190,   60,   60,  120,   80,   65,   49,    0,    0,    0,    0, 9978,   75,    8,   80,    2,    7,    0,    0,    0,    0,    0"
2021-01-20,"    7,  200,   60,   70,  120,   82,     ,   48,    0,    0,    0,    0, 9974,   75,    8,   78,     ,    5,    0,    0,    0,    0,    0"
2021-01-20,"    8,  190,   60,   70,  120,   84,     ,   54,    0,    0,    0,    0, 9973,   70,    8,   81,     ,    5,    0,    0,    0,    0,    0"
2021-01-20,"    9,  190,   60,   60,  120,   82,     ,   55,    0,    9,    0,    0, 9972,   70,    8,   83,     ,    5,    0,    0,    0,    0,    0"
2021-01-20,"   10,  200,   60,   70,  120,   90,     ,   46,    0,   13,    0,    0, 9969,   75,    8,   74,     ,    5,    0,    0,    0,    0,    0"
2021-01-20,"   11,  190,   70,   60,  120,   92,     ,   40,    0,   24,    0,    0, 9963,   80,    8,   69,     ,    5,    0,    0,    0,    0,    0"
2021-01-20,"   12,  190,   70,   70,  120,   95,   75,   31,    2,   42,    0,   -1, 9957,   83,    8,   64,   23,    7,    0,    1,    0,    0,    0"
2021-01-20,"   13,  180,   60,   60,  110,   94,     ,   34,    0,   24,    0,   -1, 9949,   80,    8,   66,   81,    7,    0,    1,    0,    0,    0"
2021-01-20,"   14,  170,   60,   50,  110,   94,     ,   35,    0,   27,    0,   -1, 9938,   80,    8,   66,   23,    7,    0,    1,    0,    0,    0"
2021-01-20,"   15,  170,   60,   50,  110,   97,     ,   33,    0,   17,    0,    0, 9933,   83,    8,   64,    2,    7,    0,    0,    0,    0,    0"
2021-01-20,"   16,  180,   60,   60,  100,   94,     ,   27,    2,    6,    0,    0, 9930,   83,    8,   62,     ,    5,    0,    0,    0,    0,    0"
2021-01-20,"   17,  180,   60,   60,  110,   96,     ,   21,    0,    0,    0,    0, 9925,   83,    8,   59,     ,    5,    0,    0,    0,    0,    0"
2021-01-20,"   18,  180,   60,   60,  110,   97,   77,   20,    0,    0,    0,    0, 9920,   83,    8,   58,    2,    7,    0,    0,    0,    0,    0"
2021-01-20,"   19,  180,   70,   70,  120,  102,     ,   24,    0,    0,    0,    0, 9914,   83,    8,   58,     ,    5,    0,    0,    0,    0,    0"
2021-01-20,"   20,  190,   70,   70,  130,  106,     ,   28,    0,    0,    0,    0, 9909,   83,    8,   58,     ,    5,    0,    0,    0,    0,    0"
2021-01-20,"   21,  180,   80,   90,  130,  104,     ,   41,    0,    0,    0,   -1, 9901,   83,    8,   64,   81,    7,    0,    1,    0,    0,    0"
2021-01-20,"   22,  170,   60,   60,  130,   98,     ,   49,    0,    0,    0,   -1, 9888,   75,    8,   71,   57,    7,    0,    1,    0,    0,    0"
2021-01-20,"   23,  170,   70,   70,  110,  102,     ,   52,    0,    0,    0,   -1, 9876,   75,    8,   71,   23,    7,    0,    1,    0,    0,    0"
2021-01-20,"   24,  170,   70,   70,  120,  108,   80,   51,    0,    0,    0,    0, 9857,   80,    8,   67,    2,    7,    0,    0,    0,    0,    0"
2021-01-21,"    1,  170,   80,   80,  140,  111,     ,   52,    0,    0,    0,   -1, 9838,   80,    8,   66,   81,    7,    0,    1,    0,    0,    0"
2021-01-21,"    2,  180,   80,   90,  150,  113,     ,   53,    0,    0,    5,    5, 9825,   80,    8,   66,   51,    7,    0,    1,    0,    0,    0"
2021-01-21,"    3,  190,  100,  120,  190,  114,     ,   62,    0,    0,    0,   -1, 9816,   68,    8,   70,   81,    7,    0,    1,    0,    0,    0"
2021-01-21,"    4,  230,  110,  100,  220,   60,     ,   43,    0,    0,    9,   29, 9833,   37,    8,   88,   63,    7,    0,    1,    0,    0,    0"
2021-01-21,"    5,  230,   90,  100,  190,   77,     ,   36,    0,    0,    5,    1, 9847,   75,    8,   75,   23,    7,    0,    1,    0,    0,    0"
2021-01-21,"    6,  230,   90,   80,  180,   68,   52,   24,    0,    0,    0,   -1, 9866,   71,    7,   73,   51,    7,    0,    1,    0,    0,    0"
2021-01-21,"    7,  220,   80,   80,  150,   61,     ,   14,    0,    0,    0,   -1, 9880,   75,    4,   71,   22,    7,    0,    1,    0,    0,    0"
2021-01-21,"    8,  210,   70,   60,  130,   55,     ,   14,    0,    1,    0,    0, 9892,   75,    1,   74,     ,    5,    0,    0,    0,    0,    0"
2021-01-21,"    9,  210,   60,   70,  110,   61,     ,   18,    8,   26,    0,    0, 9896,   75,    0,   73,    1,    7,    0,    0,    0,    0,    0"
2021-01-21,"   10,  200,   80,   80,  140,   68,     ,   31,    7,   52,    0,   -1, 9900,   67,    7,   77,   81,    7,    0,    1,    0,    0,    0"
2021-01-21,"   11,  210,   90,   90,  160,   76,     ,   29,    7,   69,    0,   -1, 9900,   75,    7,   72,   23,    7,    0,    1,    0,    0,    0"
